Workbook

Sheet Patients
A1: Patient_ID | B1: Name | C1: Age | D1: Gender | E1: City | F1: Disease
A2: P001 | B2: Rahul | C2: 21 | D2: M | E2: Chennai | F2: Fracture
A3: P002 | B3: Priya | C3: 19 | D3: F | E3: Mumbai | F3: Fracture
A4: P003 | B4: Aman | C4: 22 | D4: M | E4: Bhopal | F4: Cold
A5: P004 | B5: Neha | C5: 21 | D5: M | E5: Chennai | F5: Fever
A6: P005 | B6: Ravi | C6: 25 | D6: F | E6: Chennai | F6: Fever
A7: P006 | B7: Anita | C7: 36 | D7: F | E7: Indore | F7: Allergy
A8: P007 | B8: Vikas | C8: 35 | D8: F | E8: Kolkata | F8: Allergy
A9: P008 | B9: Pooja | C9: 18 | D9: M | E9: Mumbai | F9: Allergy
A10: P009 | B10: Sanjay | C10: 54 | D10: F | E10: Patna | F10: Infection
A11: P010 | B11: Kavita | C11: 29 | D11: M | E11: Patna | F11: Infection
A12: P011 | B12: Arjun | C12: 33 | D12: F | E12: Pune | F12: Allergy
A13: P012 | B13: Meena | C13: 52 | D13: F | E13: Pune | F13: Allergy
... A21: P020 | B21: Kunal | C21: 20 | D21: F | E21: Jaipur | F21: Fever

Sheet Doctors
A1: Doctor_ID | B1: Name | C1: Specialization | D1: Fees
A2: D001 | B2: Dr. Rahul | C2: General | D2: 612
A3: D002 | B3: Dr. Priya | C3: Dermatologist | D3: 987
A4: D003 | B4: Dr. Aman | C4: Dermatologist | D4: 363
A5: D004 | B5: Dr. Neha | C5: Dermatologist | D5: 313
A6: D005 | B6: Dr. Ravi | C6: General | D6: 953
A7: D006 | B7: Dr. Anita | C7: Orthopedic | D7: 902
A8: D007 | B8: Dr. Vikas | C8: Orthopedic | D8: 878
A9: D008 | B9: Dr. Pooja | C9: Cardiologist | D9: 384
A10: D009 | B10: Dr. Sanjay | C10: Cardiologist | D10: 742
A11: D010 | B11: Dr. Kavita | C11: Neurologist | D11: 673
A12: D011 | B12: Dr. Arjun | C12: General | D12: 520
A13: D012 | B13: Dr. Meena | C13: General | D13: 697
... A21: D020 | B21: Dr. Kunal | C21: Cardiologist | D21: 897

Sheet Appointments
A1: App_ID | B1: Patient_ID | C1: Doctor_ID | D1: Date | E1: Status
A2: A001 | B2: P011 | C2: D003 | D2: 01-04-2026 | E2: Done
A3: A002 | B3: P001 | C3: D005 | D3: 02-04-2026 | E3: Done
A4: A003 | B4: P016 | C4: D017 | D4: 03-04-2026 | E4: Pending
A5: A004 | B5: P014 | C5: D018 | D5: 04-04-2026 | E5: Pending
A6: A005 | B6: P007 | C6: D007 | D6: 05-04-2026 | E6: Done
A7: A006 | B7: P011 | C7: D010 | D7: 06-04-2026 | E7: Pending
A8: A007 | B8: P015 | C8: D010 | D8: 07-04-2026 | E8: Pending
A9: A008 | B9: P017 | C9: D007 | D9: 08-04-2026 | E9: Pending
A10: A009 | B10: P004 | C10: D019 | D10: 09-04-2026 | E10: Pending
A11: A010 | B11: P007 | C11: D013 | D11: 10-04-2026 | E11: Pending
A12: A011 | B12: P017 | C12: D005 | D12: 11-04-2026 | E12: Done
... A21: A020 | B21: P008 | C21: D020 | D21: 20-04-2026 | E21: Pending

Sheet Billing
A1: Bill_ID | B1: Patient_ID | C1: Doctor_ID | D1: Fees | E1: Medicine | F1: Total | G1: Patient_Name
A2: B001 | B2: P002 | C2: D003 | D2: =VLOOKUP(C2,Doctors!A:D,4,FALSE) -> 363 | E2: 103 | F2: =D2+E2 -> 466 | G2: =VLOOKUP(B2,Patients!A:F,2,FALSE) -> Priya
A3: B002 | B3: P020 | C3: D020 | D3: =VLOOKUP(C3,Doctors!A:D,4,FALSE) -> 897 | E3: 154 | F3: =D3+E3 -> 1051 | G3: =VLOOKUP(B3,Patients!A:F,2,FALSE) -> Kunal
A4: B003 | B4: P003 | C4: D003 | D4: =VLOOKUP(C4,Doctors!A:D,4,FALSE) -> 363 | E4: 239 | F4: =D4+E4 -> 602 | G4: =VLOOKUP(B4,Patients!A:F,2,FALSE) -> Aman
A5: B004 | B5: P009 | C5: D005 | D5: =VLOOKUP(C5,Doctors!A:D,4,FALSE) -> 953 | E5: 170 | F5: =D5+E5 -> 1123 | G5: =VLOOKUP(B5,Patients!A:F,2,FALSE) -> Sanjay
A6: B005 | B6: P013 | C6: D009 | D6: =VLOOKUP(C6,Doctors!A:D,4,FALSE) -> 742 | E6: 447 | F6: =D6+E6 -> 1189 | G6: =VLOOKUP(B6,Patients!A:F,2,FALSE) -> Deepak
A7: B006 | B7: P004 | C7: D020 | D7: =VLOOKUP(C7,Doctors!A:D,4,FALSE) -> 897 | E7: 376 | F7: =D7+E7 -> 1273 | G7: =VLOOKUP(B7,Patients!A:F,2,FALSE) -> Neha
A8: B007 | B8: P011 | C8: D016 | D8: =VLOOKUP(C8,Doctors!A:D,4,FALSE) -> 903 | E8: 308 | F8: =D8+E8 -> 1211 | G8: =VLOOKUP(B8,Patients!A:F,2,FALSE) -> Arjun
A9: B008 | B9: P010 | C9: D013 | D9: =VLOOKUP(C9,Doctors!A:D,4,FALSE) -> 690 | E9: 318 | F9: =D9+E9 -> 1008 | G9: =VLOOKUP(B9,Patients!A:F,2,FALSE) -> Kavita
A10: B009 | B10: P005 | C10: D004 | D10: =VLOOKUP(C10,Doctors!A:D,4,FALSE) -> 313 | E10: 258 | F10: =D10+E10 -> 571 | G10: =VLOOKUP(B10,Patients!A:F,2,FALSE) -> Ravi
A11: B010 | B11: P012 | C11: D006 | D11: =VLOOKUP(C11,Doctors!A:D,4,FALSE) -> 902 | E11: 263 | F11: =D11+E11 -> 1165 | G11: =VLOOKUP(B11,Patients!A:F,2,FALSE) -> Meena
A12: B011 | B12: P008 | C12: D004 | D12: =VLOOKUP(C12,Doctors!A:D,4,FALSE) -> 313 | E12: 273 | F12: =D12+E12 -> 586 | G12: =VLOOKUP(B12,Patients!A:F,2,FALSE) -> Pooja
A13: B012 | B13: P010 | C13: D019 | D13: =VLOOKUP(C13,Doctors!A:D,4,FALSE) -> 667 | E13: 197 | F13: =D13+E13 -> 864 | G13: =VLOOKUP(B13,Patients!A:F,2,FALSE) -> Kavita
... A21: B020 | B21: P011 | C21: D007 | D21: =VLOOKUP(C21,Doctors!A:D,4,FALSE) -> 878 | E21: 330 | F21: =D21+E21 -> 1208 | G21: =VLOOKUP(B21,Patients!A:F,2,FALSE) -> Arjun

Sheet Summary
A1: Total Revenue | B1: =SUM(Billing!F2:F21) -> 19778
A2: Average Bill | B2: =AVERAGE(Billing!F2:F21) -> 988.9
A3: Max Bill | B3: =MAX(Billing!F2:F21) -> 1422
A4: Min Bill | B4: =MIN(Billing!F2:F21) -> 466
A5: Total Patients | B5: =COUNTA(Patients!A2:A21) -> 20
A6: Completed Appointments | B6: =COUNTIF(Appointments!E2:E21,"Done") -> 5
